[{"id":1,"capacidade":2,"nCamas":3,"nWC":4,"tipoVista":"mar","status":"ocupado","temCozinha":true,"manutencoes":[{"idManutencao":1,"tipoManutencao":"mudança lampada"},{"idManutencao":2,"tipoManutencao":"arranjo televisao"},{"idManutencao":3,"tipoManutencao":"arranjo cama"}],"reservas":[{"idReserva":1,"idQuarto":1,"dataEntrada":1733961600000,"dataSaida":1734048000000,"status":"confirmada","idcliente":3},{"idReserva":2,"idQuarto":1,"dataEntrada":1713740400000,"dataSaida":1714086000000,"status":"confirmada","idcliente":6},{"idReserva":1,"idQuarto":1,"dataEntrada":1733961600000,"dataSaida":1734134400000,"status":"confirmada","idcliente":0},{"idReserva":4,"idQuarto":1,"dataEntrada":1733097600000,"dataSaida":1733184000000,"status":"confirmada","idcliente":1}]},{"id":2,"capacidade":3,"nCamas":4,"nWC":5,"tipoVista":"predio","status":"disponivel","temCozinha":false,"manutencoes":[],"reservas":[]},{"id":3,"capacidade":4,"nCamas":4,"nWC":4,"tipoVista":"mar","status":"em manutenção","temCozinha":false,"manutencoes":[],"reservas":[{"idReserva":1,"idQuarto":3,"dataEntrada":1734912000000,"dataSaida":1735171200000,"status":"confirmada","idcliente":1}]},{"id":4,"capacidade":5,"nCamas":6,"nWC":2,"tipoVista":"sem vista","status":"em manutenção","temCozinha":true,"manutencoes":[{"idManutencao":1,"tipoManutencao":"testeteste"}],"reservas":[{"idReserva":1,"idQuarto":4,"dataEntrada":1709424000000,"dataSaida":1709510400000,"status":"confirmada","idcliente":1}]},{"id":5,"capacidade":4,"nCamas":2,"nWC":1,"tipoVista":"Vista Montanha","status":"disponivel","temCozinha":false,"manutencoes":[],"reservas":[{"idReserva":1,"idQuarto":5,"dataEntrada":1738368000000,"dataSaida":1738713600000,"status":"confirmada","idcliente":1},{"idReserva":2,"idQuarto":5,"dataEntrada":1738368000000,"dataSaida":1738713600000,"status":"confirmada","idcliente":1},{"idReserva":99,"idQuarto":5,"dataEntrada":1738368000000,"dataSaida":1738713600000,"status":"confirmada","idcliente":1},{"idReserva":99,"idQuarto":5,"dataEntrada":1738368000000,"dataSaida":1738713600000,"status":"confirmada","idcliente":1},{"idReserva":99,"idQuarto":5,"dataEntrada":1738368000000,"dataSaida":1738713600000,"status":"confirmada","idcliente":1},{"idReserva":6,"idQuarto":5,"dataEntrada":1738368000000,"dataSaida":1738713600000,"status":"confirmada","idcliente":1},{"idReserva":7,"idQuarto":5,"dataEntrada":1738368000000,"dataSaida":1738713600000,"status":"confirmada","idcliente":1},{"idReserva":8,"idQuarto":5,"dataEntrada":1738368000000,"dataSaida":1738713600000,"status":"confirmada","idcliente":1},{"idReserva":9,"idQuarto":5,"dataEntrada":1738368000000,"dataSaida":1738713600000,"status":"confirmada","idcliente":1},{"idReserva":10,"idQuarto":5,"dataEntrada":1738368000000,"dataSaida":1738713600000,"status":"confirmada","idcliente":1},{"idReserva":11,"idQuarto":5,"dataEntrada":1738368000000,"dataSaida":1738713600000,"status":"confirmada","idcliente":1}]},{"id":6,"capacidade":4,"nCamas":2,"nWC":1,"tipoVista":"Vista Montanha","status":"disponivel","temCozinha":false,"manutencoes":[],"reservas":[]},{"id":7,"capacidade":40,"nCamas":2,"nWC":1,"tipoVista":"Vista Montanha","status":"disponivel","temCozinha":false,"manutencoes":[],"reservas":[]},{"id":8,"capacidade":40,"nCamas":2,"nWC":1,"tipoVista":"Vista Montanha","status":"disponivel","temCozinha":false,"manutencoes":[],"reservas":[]},{"id":9,"capacidade":40,"nCamas":2,"nWC":1,"tipoVista":"Vista Montanha","status":"disponivel","temCozinha":false,"manutencoes":[],"reservas":[]},{"id":10,"capacidade":40,"nCamas":2,"nWC":1,"tipoVista":"Vista Montanha","status":"disponivel","temCozinha":false,"manutencoes":[],"reservas":[]},{"id":11,"capacidade":40,"nCamas":2,"nWC":1,"tipoVista":"Vista Montanha","status":"disponivel","temCozinha":false,"manutencoes":[],"reservas":[]},{"id":12,"capacidade":40,"nCamas":2,"nWC":1,"tipoVista":"Vista Montanha","status":"disponivel","temCozinha":false,"manutencoes":[],"reservas":[]},{"id":13,"capacidade":40,"nCamas":2,"nWC":1,"tipoVista":"Vista Montanha","status":"disponivel","temCozinha":false,"manutencoes":[],"reservas":[]},{"id":14,"capacidade":40,"nCamas":2,"nWC":1,"tipoVista":"Vista Montanha","status":"disponivel","temCozinha":false,"manutencoes":[],"reservas":[]},{"id":15,"capacidade":40,"nCamas":2,"nWC":1,"tipoVista":"Vista Montanha","status":"disponivel","temCozinha":false,"manutencoes":[],"reservas":[]},{"id":16,"capacidade":40,"nCamas":2,"nWC":1,"tipoVista":"Vista Montanha","status":"disponivel","temCozinha":false,"manutencoes":[],"reservas":[]},{"id":17,"capacidade":40,"nCamas":2,"nWC":1,"tipoVista":"Vista Montanha","status":"disponivel","temCozinha":false,"manutencoes":[],"reservas":[]},{"id":18,"capacidade":40,"nCamas":2,"nWC":1,"tipoVista":"Vista Montanha","status":"disponivel","temCozinha":false,"manutencoes":[],"reservas":[]},{"id":19,"capacidade":40,"nCamas":2,"nWC":1,"tipoVista":"Vista Montanha","status":"disponivel","temCozinha":false,"manutencoes":[],"reservas":[]},{"id":19,"capacidade":40,"nCamas":2,"nWC":1,"tipoVista":"Vista Montanha","status":"disponivel","temCozinha":false,"manutencoes":[],"reservas":[]},{"id":123,"capacidade":40,"nCamas":2,"nWC":1,"tipoVista":"Vista Montanha","status":"em manutenção","temCozinha":false,"manutencoes":[{"idManutencao":1,"tipoManutencao":"testeDaFunc"},{"idManutencao":2,"tipoManutencao":"testeDaFunc999"},{"idManutencao":3,"tipoManutencao":"testeDaFunc55114"},{"idManutencao":4,"tipoManutencao":"testeDaFunc65140"}],"reservas":[]},{"id":22,"capacidade":40,"nCamas":2,"nWC":1,"tipoVista":"Vista Montanha","status":"disponivel","temCozinha":false,"manutencoes":[],"reservas":[]},{"id":23,"capacidade":40,"nCamas":2,"nWC":1,"tipoVista":"Vista Montanha","status":"disponivel","temCozinha":false,"manutencoes":[],"reservas":[]},{"id":24,"capacidade":40,"nCamas":2,"nWC":1,"tipoVista":"Vista Montanha","status":"disponivel","temCozinha":false,"manutencoes":[],"reservas":[]},{"id":25,"capacidade":40,"nCamas":2,"nWC":1,"tipoVista":"Vista Montanha","status":"disponivel","temCozinha":false,"manutencoes":[],"reservas":[]}]