[{"id":1,"capacidade":2,"nCamas":3,"nWC":4,"tipoVista":"mar","status":"em manutenção","temCozinha":true,"manutencoes":[{"idManutencao":1,"tipoManutencao":"mudança lampada"},{"idManutencao":2,"tipoManutencao":"arranjo televisao"},{"idManutencao":3,"tipoManutencao":"arranjo cama"}],"reservas":[{"idReserva":1,"idQuarto":1,"dataEntrada":1733961600000,"dataSaida":1734048000000,"status":"confirmada","idcliente":3},{"idReserva":2,"idQuarto":1,"dataEntrada":1713740400000,"dataSaida":1714086000000,"status":"confirmada","idcliente":6},{"idReserva":3,"idQuarto":1,"dataEntrada":1733961600000,"dataSaida":1734134400000,"status":"confirmada","idcliente":0},{"idReserva":4,"idQuarto":1,"dataEntrada":1733097600000,"dataSaida":1733184000000,"status":"confirmada","idcliente":1},{"idReserva":5,"idQuarto":1,"dataEntrada":1746399600000,"dataSaida":1746486000000,"status":"confirmada","idcliente":1}]},{"id":2,"capacidade":3,"nCamas":4,"nWC":5,"tipoVista":"predio","status":"disponivel","temCozinha":false,"manutencoes":[],"reservas":[{"idReserva":1,"idQuarto":2,"dataEntrada":1760137200000,"dataSaida":1760310000000,"status":"confirmada","idcliente":1}]},{"id":3,"capacidade":4,"nCamas":4,"nWC":4,"tipoVista":"mar","status":"disponivel","temCozinha":false,"manutencoes":[],"reservas":[{"idReserva":1,"idQuarto":3,"dataEntrada":1734912000000,"dataSaida":1735171200000,"status":"confirmada","idcliente":1}]},{"id":4,"capacidade":5,"nCamas":6,"nWC":2,"tipoVista":"sem vista","status":"em manutenção","temCozinha":true,"manutencoes":[{"idManutencao":1,"tipoManutencao":"testeteste"}],"reservas":[{"idReserva":1,"idQuarto":4,"dataEntrada":1709424000000,"dataSaida":1709510400000,"status":"confirmada","idcliente":1}]},{"id":5,"capacidade":6,"nCamas":6,"nWC":6,"tipoVista":"serra","status":"disponível","temCozinha":true,"manutencoes":[],"reservas":[{"idReserva":1,"idQuarto":5,"dataEntrada":1751842800000,"dataSaida":1751929200000,"status":"confirmada","idcliente":1}]}]