[{"id":1,"capacidade":2,"nCamas":3,"nWC":4,"tipoVista":"mar","status":"disponivel","temCozinha":true,"manutencoes":[{"idManutencao":1,"tipoManutencao":"mudança lampada"},{"idManutencao":2,"tipoManutencao":"arranjo televisao"},{"idManutencao":3,"tipoManutencao":"arranjo cama"}],"reservas":[{"idReserva":1,"idQuarto":1,"dataEntrada":1733961600000,"dataSaida":1734048000000,"status":"confirmada","idcliente":3},{"idReserva":2,"idQuarto":1,"dataEntrada":1713740400000,"dataSaida":1714086000000,"status":"confirmada","idcliente":6},{"idReserva":1,"idQuarto":1,"dataEntrada":1733961600000,"dataSaida":1734134400000,"status":"confirmada","idcliente":0},{"idReserva":4,"idQuarto":1,"dataEntrada":1733097600000,"dataSaida":1733184000000,"status":"confirmada","idcliente":1}]},{"id":2,"capacidade":3,"nCamas":4,"nWC":5,"tipoVista":"predio","status":"disponivel","temCozinha":false,"manutencoes":[],"reservas":[]},{"id":3,"capacidade":4,"nCamas":4,"nWC":4,"tipoVista":"mar","status":"em manutenção","temCozinha":false,"manutencoes":[],"reservas":[{"idReserva":1,"idQuarto":3,"dataEntrada":1734912000000,"dataSaida":1735171200000,"status":"confirmada","idcliente":1}]},{"id":4,"capacidade":5,"nCamas":6,"nWC":2,"tipoVista":"sem vista","status":"em manutenção","temCozinha":true,"manutencoes":[{"idManutencao":1,"tipoManutencao":"testeteste"}],"reservas":[{"idReserva":1,"idQuarto":4,"dataEntrada":1709424000000,"dataSaida":1709510400000,"status":"confirmada","idcliente":1}]},{"id":5,"capacidade":4,"nCamas":2,"nWC":1,"tipoVista":"Vista Montanha","status":"disponivel","temCozinha":false,"manutencoes":[],"reservas":[{"idReserva":1,"idQuarto":5,"dataEntrada":1738368000000,"dataSaida":1738713600000,"status":"confirmada","idcliente":1},{"idReserva":2,"idQuarto":5,"dataEntrada":1738368000000,"dataSaida":1738713600000,"status":"confirmada","idcliente":1},{"idReserva":99,"idQuarto":5,"dataEntrada":1738368000000,"dataSaida":1738713600000,"status":"confirmada","idcliente":1},{"idReserva":99,"idQuarto":5,"dataEntrada":1738368000000,"dataSaida":1738713600000,"status":"confirmada","idcliente":1},{"idReserva":99,"idQuarto":5,"dataEntrada":1738368000000,"dataSaida":1738713600000,"status":"confirmada","idcliente":1},{"idReserva":6,"idQuarto":5,"dataEntrada":1738368000000,"dataSaida":1738713600000,"status":"confirmada","idcliente":1},{"idReserva":7,"idQuarto":5,"dataEntrada":1738368000000,"dataSaida":1738713600000,"status":"confirmada","idcliente":1},{"idReserva":8,"idQuarto":5,"dataEntrada":1738368000000,"dataSaida":1738713600000,"status":"confirmada","idcliente":1},{"idReserva":9,"idQuarto":5,"dataEntrada":1738368000000,"dataSaida":1738713600000,"status":"confirmada","idcliente":1},{"idReserva":10,"idQuarto":5,"dataEntrada":1738368000000,"dataSaida":1738713600000,"status":"confirmada","idcliente":1},{"idReserva":11,"idQuarto":5,"dataEntrada":1738368000000,"dataSaida":1738713600000,"status":"confirmada","idcliente":1},{"idReserva":12,"idQuarto":5,"dataEntrada":1738368000000,"dataSaida":1738713600000,"status":"confirmada","idcliente":1},{"idReserva":13,"idQuarto":5,"dataEntrada":1738368000000,"dataSaida":1738713600000,"status":"confirmada","idcliente":1},{"idReserva":14,"idQuarto":5,"dataEntrada":1738368000000,"dataSaida":1738713600000,"status":"confirmada","idcliente":1},{"idReserva":15,"idQuarto":5,"dataEntrada":1738368000000,"dataSaida":1738713600000,"status":"confirmada","idcliente":1},{"idReserva":16,"idQuarto":5,"dataEntrada":1738368000000,"dataSaida":1738713600000,"status":"confirmada","idcliente":1},{"idReserva":17,"idQuarto":5,"dataEntrada":1738368000000,"dataSaida":1738713600000,"status":"confirmada","idcliente":1},{"idReserva":18,"idQuarto":5,"dataEntrada":1738368000000,"dataSaida":1738713600000,"status":"confirmada","idcliente":1},{"idReserva":19,"idQuarto":5,"dataEntrada":1738368000000,"dataSaida":1738713600000,"status":"confirmada","idcliente":1},{"idReserva":20,"idQuarto":5,"dataEntrada":1738368000000,"dataSaida":1738713600000,"status":"confirmada","idcliente":1},{"idReserva":21,"idQuarto":5,"dataEntrada":1738368000000,"dataSaida":1738713600000,"status":"confirmada","idcliente":1},{"idReserva":22,"idQuarto":5,"dataEntrada":1738368000000,"dataSaida":1738713600000,"status":"confirmada","idcliente":1},{"idReserva":23,"idQuarto":5,"dataEntrada":1738368000000,"dataSaida":1738713600000,"status":"confirmada","idcliente":1},{"idReserva":24,"idQuarto":5,"dataEntrada":1738368000000,"dataSaida":1738713600000,"status":"confirmada","idcliente":1},{"idReserva":25,"idQuarto":5,"dataEntrada":1738368000000,"dataSaida":1738713600000,"status":"confirmada","idcliente":1},{"idReserva":26,"idQuarto":5,"dataEntrada":1738368000000,"dataSaida":1738713600000,"status":"confirmada","idcliente":1},{"idReserva":27,"idQuarto":5,"dataEntrada":1738368000000,"dataSaida":1738713600000,"status":"confirmada","idcliente":1},{"idReserva":28,"idQuarto":5,"dataEntrada":1738368000000,"dataSaida":1738713600000,"status":"confirmada","idcliente":1},{"idReserva":29,"idQuarto":5,"dataEntrada":1738368000000,"dataSaida":1738713600000,"status":"confirmada","idcliente":1},{"idReserva":30,"idQuarto":5,"dataEntrada":1738368000000,"dataSaida":1738713600000,"status":"confirmada","idcliente":1}]},{"id":6,"capacidade":4,"nCamas":2,"nWC":1,"tipoVista":"Vista Montanha","status":"disponivel","temCozinha":false,"manutencoes":[],"reservas":[]},{"id":7,"capacidade":40,"nCamas":2,"nWC":1,"tipoVista":"Vista Montanha","status":"disponivel","temCozinha":false,"manutencoes":[],"reservas":[]},{"id":8,"capacidade":40,"nCamas":2,"nWC":1,"tipoVista":"Vista Montanha","status":"disponivel","temCozinha":false,"manutencoes":[],"reservas":[]},{"id":9,"capacidade":40,"nCamas":2,"nWC":1,"tipoVista":"Vista Montanha","status":"disponivel","temCozinha":false,"manutencoes":[],"reservas":[]},{"id":10,"capacidade":40,"nCamas":2,"nWC":1,"tipoVista":"Vista Montanha","status":"disponivel","temCozinha":false,"manutencoes":[],"reservas":[]},{"id":11,"capacidade":40,"nCamas":2,"nWC":1,"tipoVista":"Vista Montanha","status":"disponivel","temCozinha":false,"manutencoes":[],"reservas":[]},{"id":12,"capacidade":40,"nCamas":2,"nWC":1,"tipoVista":"Vista Montanha","status":"disponivel","temCozinha":false,"manutencoes":[],"reservas":[]},{"id":13,"capacidade":40,"nCamas":2,"nWC":1,"tipoVista":"Vista Montanha","status":"disponivel","temCozinha":false,"manutencoes":[],"reservas":[]},{"id":14,"capacidade":40,"nCamas":2,"nWC":1,"tipoVista":"Vista Montanha","status":"disponivel","temCozinha":false,"manutencoes":[],"reservas":[]},{"id":15,"capacidade":40,"nCamas":2,"nWC":1,"tipoVista":"Vista Montanha","status":"disponivel","temCozinha":false,"manutencoes":[],"reservas":[]},{"id":16,"capacidade":40,"nCamas":2,"nWC":1,"tipoVista":"Vista Montanha","status":"disponivel","temCozinha":false,"manutencoes":[],"reservas":[]},{"id":17,"capacidade":40,"nCamas":2,"nWC":1,"tipoVista":"Vista Montanha","status":"disponivel","temCozinha":false,"manutencoes":[],"reservas":[]},{"id":18,"capacidade":40,"nCamas":2,"nWC":1,"tipoVista":"Vista Montanha","status":"disponivel","temCozinha":false,"manutencoes":[],"reservas":[]},{"id":19,"capacidade":40,"nCamas":2,"nWC":1,"tipoVista":"Vista Montanha","status":"disponivel","temCozinha":false,"manutencoes":[],"reservas":[]},{"id":19,"capacidade":40,"nCamas":2,"nWC":1,"tipoVista":"Vista Montanha","status":"disponivel","temCozinha":false,"manutencoes":[],"reservas":[]},{"id":123,"capacidade":40,"nCamas":2,"nWC":1,"tipoVista":"Vista Montanha","status":"em manutenção","temCozinha":false,"manutencoes":[{"idManutencao":1,"tipoManutencao":"testeDaFunc"},{"idManutencao":2,"tipoManutencao":"testeDaFunc999"},{"idManutencao":3,"tipoManutencao":"testeDaFunc55114"},{"idManutencao":4,"tipoManutencao":"testeDaFunc65140"},{"idManutencao":5,"tipoManutencao":"testeDaFunc92629"},{"idManutencao":6,"tipoManutencao":"testeDaFunc76963"},{"idManutencao":7,"tipoManutencao":"testeDaFunc79629"},{"idManutencao":8,"tipoManutencao":"testeDaFunc97158"},{"idManutencao":9,"tipoManutencao":"testeDaFunc21183"},{"idManutencao":10,"tipoManutencao":"testeDaFunc98974"},{"idManutencao":11,"tipoManutencao":"testeDaFunc42934"},{"idManutencao":12,"tipoManutencao":"testeDaFunc60388"},{"idManutencao":13,"tipoManutencao":"testeDaFunc79211"},{"idManutencao":14,"tipoManutencao":"testeDaFunc16291"},{"idManutencao":15,"tipoManutencao":"testeDaFunc29567"},{"idManutencao":16,"tipoManutencao":"testeDaFunc79333"},{"idManutencao":17,"tipoManutencao":"testeDaFunc35784"},{"idManutencao":18,"tipoManutencao":"testeDaFunc91927"},{"idManutencao":19,"tipoManutencao":"testeDaFunc84841"},{"idManutencao":20,"tipoManutencao":"testeDaFunc89458"},{"idManutencao":21,"tipoManutencao":"testeDaFunc36151"},{"idManutencao":22,"tipoManutencao":"testeDaFunc51238"},{"idManutencao":23,"tipoManutencao":"testeDaFunc72210"}],"reservas":[]},{"id":22,"capacidade":40,"nCamas":2,"nWC":1,"tipoVista":"Vista Montanha","status":"disponivel","temCozinha":false,"manutencoes":[],"reservas":[]},{"id":23,"capacidade":40,"nCamas":2,"nWC":1,"tipoVista":"Vista Montanha","status":"disponivel","temCozinha":false,"manutencoes":[],"reservas":[]},{"id":24,"capacidade":40,"nCamas":2,"nWC":1,"tipoVista":"Vista Montanha","status":"disponivel","temCozinha":false,"manutencoes":[],"reservas":[]},{"id":25,"capacidade":40,"nCamas":2,"nWC":1,"tipoVista":"Vista Montanha","status":"disponivel","temCozinha":false,"manutencoes":[],"reservas":[]},{"id":26,"capacidade":40,"nCamas":2,"nWC":1,"tipoVista":"Vista Montanha","status":"disponivel","temCozinha":false,"manutencoes":[],"reservas":[]},{"id":27,"capacidade":40,"nCamas":2,"nWC":1,"tipoVista":"Vista Montanha","status":"disponivel","temCozinha":false,"manutencoes":[],"reservas":[]},{"id":28,"capacidade":71,"nCamas":2,"nWC":1,"tipoVista":"Vista Montanha","status":"disponivel","temCozinha":false,"manutencoes":[],"reservas":[]},{"id":29,"capacidade":40,"nCamas":2,"nWC":1,"tipoVista":"Vista Montanha","status":"disponivel","temCozinha":false,"manutencoes":[],"reservas":[]},{"id":30,"capacidade":40,"nCamas":2,"nWC":1,"tipoVista":"Vista Montanha","status":"disponivel","temCozinha":false,"manutencoes":[],"reservas":[]},{"id":31,"capacidade":40,"nCamas":2,"nWC":1,"tipoVista":"Vista Montanha","status":"disponivel","temCozinha":false,"manutencoes":[],"reservas":[]},{"id":32,"capacidade":40,"nCamas":2,"nWC":1,"tipoVista":"Vista Montanha","status":"disponivel","temCozinha":false,"manutencoes":[],"reservas":[]},{"id":33,"capacidade":40,"nCamas":2,"nWC":1,"tipoVista":"Vista Montanha","status":"disponivel","temCozinha":false,"manutencoes":[],"reservas":[]},{"id":34,"capacidade":40,"nCamas":2,"nWC":1,"tipoVista":"Vista Montanha","status":"disponivel","temCozinha":false,"manutencoes":[],"reservas":[]},{"id":35,"capacidade":40,"nCamas":2,"nWC":1,"tipoVista":"Vista Montanha","status":"disponivel","temCozinha":false,"manutencoes":[],"reservas":[]},{"id":36,"capacidade":40,"nCamas":2,"nWC":1,"tipoVista":"Vista Montanha","status":"disponivel","temCozinha":false,"manutencoes":[],"reservas":[]},{"id":37,"capacidade":40,"nCamas":2,"nWC":1,"tipoVista":"Vista Montanha","status":"disponivel","temCozinha":false,"manutencoes":[],"reservas":[]},{"id":38,"capacidade":40,"nCamas":2,"nWC":1,"tipoVista":"Vista Montanha","status":"disponivel","temCozinha":false,"manutencoes":[],"reservas":[]},{"id":39,"capacidade":40,"nCamas":2,"nWC":1,"tipoVista":"Vista Montanha","status":"disponivel","temCozinha":false,"manutencoes":[],"reservas":[]},{"id":40,"capacidade":40,"nCamas":2,"nWC":1,"tipoVista":"Vista Montanha","status":"disponivel","temCozinha":false,"manutencoes":[],"reservas":[]},{"id":41,"capacidade":40,"nCamas":2,"nWC":1,"tipoVista":"Vista Montanha","status":"disponivel","temCozinha":false,"manutencoes":[],"reservas":[]},{"id":42,"capacidade":40,"nCamas":2,"nWC":1,"tipoVista":"Vista Montanha","status":"disponivel","temCozinha":false,"manutencoes":[],"reservas":[]},{"id":43,"capacidade":40,"nCamas":2,"nWC":1,"tipoVista":"Vista Montanha","status":"disponivel","temCozinha":false,"manutencoes":[],"reservas":[]},{"id":44,"capacidade":40,"nCamas":2,"nWC":1,"tipoVista":"Vista Montanha","status":"disponivel","temCozinha":false,"manutencoes":[],"reservas":[]}]